"","error.est","errxy","err","n","p","prop"
"1",0.143426294820717,0.13571,0.13241,1000,1000,0.83
